{
  "project_info": {
    "project_number": "256253551679",
    "firebase_url": "https://fir-test-4b1fa.firebaseio.com",
    "project_id": "fir-test-4b1fa",
    "storage_bucket": "fir-test-4b1fa.appspot.com"
  },
  "client": [
    {
      "client_info": {
        "mobilesdk_app_id": "1:256253551679:android:248290db870096d7",
        "android_client_info": {
          "package_name": "com.example.raulp.loginsign_up"
        }
      },
      "oauth_client": [
        {
          "client_id": "256253551679-3pgtat0imjqur3i8vbn7mhegeqj2s1v0.apps.googleusercontent.com",
          "client_type": 1,
          "android_info": {
            "package_name": "com.example.raulp.loginsign_up",
            "certificate_hash": "ed8eba19a1a80b838a8678e02f2fceb3eb09abdf"
          }
        },
        {
          "client_id": "256253551679-70i3soappvc9vlmg3nv9nmk6crt542t4.apps.googleusercontent.com",
          "client_type": 1,
          "android_info": {
            "package_name": "com.example.raulp.loginsign_up",
            "certificate_hash": "507eb42a6a925af6a19f8e4d24da6b0e488a1368"
          }
        },
        {
          "client_id": "256253551679-i75tb8c8b0d5larld51ucon71maedtfh.apps.googleusercontent.com",
          "client_type": 3
        },
        {
          "client_id": "256253551679-i75tb8c8b0d5larld51ucon71maedtfh.apps.googleusercontent.com",
          "client_type": 3
        }
      ],
      "api_key": [
        {
          "current_key": "AIzaSyCHZNPy9sCSIBZk0Fs9M_p4eKGPXJsvpBs"
        }
      ],
      "services": {
        "analytics_service": {
          "status": 1
        },
        "appinvite_service": {
          "status": 2,
          "other_platform_oauth_client": [
            {
              "client_id": "256253551679-i75tb8c8b0d5larld51ucon71maedtfh.apps.googleusercontent.com",
              "client_type": 3
            }
          ]
        },
        "ads_service": {
          "status": 2
        }
      }
    }
  ],
  "configuration_version": "1"
}