{
  "friends": [
    {
      "title": "Person 1",
      "image" : "male",
      "url": "https://www.ucsb.edu/",
      "description": "College student, lazy and barely workout",
      "rank": "Bronze"
    },

    {
      "title": "Person 2",
      "image" : "female",
      "url": "https://www.linkedin.com/",
      "description": "Marathon enthusiast, can do mile run under 5 minutes",
      "rank": "Gold"
    },

    {
      "title": "Person 3",
      "image" : "female",
      "url": "http://www.google.com/",
      "description": "Don't have much to say",
      "rank": "Silver"
    },

    {
      "title": "Person 4",
      "image" : "male",
      "url": "https://www.reddit.com/",
      "description": "Looking to lose 30 pounds in one month.",
      "rank": "Gold"
    }
  ]
}