{
  "project_info": {
    "project_number": "175901013129",
    "firebase_url": "https://newone-365cb.firebaseio.com",
    "project_id": "newone-365cb",
    "storage_bucket": "newone-365cb.appspot.com"
  },
  "client": [
    {
      "client_info": {
        "mobilesdk_app_id": "1:175901013129:android:7967e4da862b0d08",
        "android_client_info": {
          "package_name": "com.zhykoties.friendList"
        }
      },
      "oauth_client": [
        {
          "client_id": "175901013129-bofa0s3nmud5n9e3dcct1r5khmd9atoj.apps.googleusercontent.com",
          "client_type": 3
        },
        {
          "client_id": "175901013129-bofa0s3nmud5n9e3dcct1r5khmd9atoj.apps.googleusercontent.com",
          "client_type": 3
        }
      ],
      "api_key": [
        {
          "current_key": "AIzaSyDREfp7GCuONu3NbIiPYya2oYV1NTQndEU"
        }
      ],
      "services": {
        "analytics_service": {
          "status": 1
        },
        "appinvite_service": {
          "status": 1,
          "other_platform_oauth_client": []
        },
        "ads_service": {
          "status": 2
        }
      }
    }
  ],
  "configuration_version": "1"
}