{
  "project_info": {
    "project_number": "70372185561",
    "firebase_url": "https://fitness-accountability-time.firebaseio.com",
    "project_id": "fitness-accountability-time",
    "storage_bucket": "fitness-accountability-time.appspot.com"
  },
  "client": [
    {
      "client_info": {
        "mobilesdk_app_id": "1:70372185561:android:11428455a9df40df",
        "android_client_info": {
          "package_name": "com.example.asdf.fat20"
        }
      },
      "oauth_client": [
        {
          "client_id": "70372185561-vsormftnq71an1d0vciaufg9v407ikj0.apps.googleusercontent.com",
          "client_type": 3
        }
      ],
      "api_key": [
        {
          "current_key": "AIzaSyAPVX8t-dsXj3BxTJdrA_DBha0OIcRJMhU"
        }
      ],
      "services": {
        "analytics_service": {
          "status": 1
        },
        "appinvite_service": {
          "status": 1,
          "other_platform_oauth_client": []
        },
        "ads_service": {
          "status": 2
        }
      }
    }
  ],
  "configuration_version": "1"
}